Team,MP_x,W_x,D_x,L_x,GF_x,GA_x,GD_x,Pts_x,Pts/MP_x,H_GF per Game_x,H_GA per Game_x,MP_y,W_y,D_y,L_y,GF_y,GA_y,GD_y,Pts_y,Pts/MP_y,A_GF per Game_y,A_GA per Game_y
Nordsjælland,5.0,4.0,0.0,1.0,11.0,4.0,7.0,12.0,2.4,2.2,0.8,5.0,5.0,0.0,0.0,11.0,2.0,9.0,15.0,3.0,2.2,0.4
Hjørring,5.0,3.0,2.0,0.0,13.0,5.0,8.0,11.0,2.2,2.6,1.0,5.0,4.0,1.0,0.0,12.0,0.0,12.0,13.0,2.6,2.4,0.0
Brøndby,6.0,3.0,1.0,2.0,8.0,4.0,4.0,10.0,1.67,1.3333333333333333,0.6666666666666666,4.0,1.0,2.0,1.0,7.0,7.0,0.0,5.0,1.25,1.75,1.75
HB Køge,5.0,2.0,1.0,2.0,10.0,4.0,6.0,7.0,1.4,2.0,0.8,5.0,2.0,1.0,2.0,6.0,5.0,1.0,7.0,1.4,1.2,1.0
Odense Q,5.0,1.0,3.0,1.0,7.0,5.0,2.0,6.0,1.2,1.4,1.0,5.0,2.0,1.0,2.0,5.0,7.0,-2.0,7.0,1.4,1.0,1.4
B93 København,5.0,1.0,0.0,4.0,4.0,12.0,-8.0,3.0,0.6,0.8,2.4,5.0,1.0,2.0,2.0,5.0,10.0,-5.0,5.0,1.0,1.0,2.0
Aarhus GF,5.0,0.0,0.0,5.0,2.0,11.0,-9.0,0.0,0.0,0.4,2.2,5.0,2.0,0.0,3.0,4.0,9.0,-5.0,6.0,1.2,0.8,1.8
KoldingQ,4.0,1.0,1.0,2.0,5.0,6.0,-1.0,4.0,1.0,1.25,1.5,6.0,0.0,1.0,5.0,1.0,20.0,-19.0,1.0,0.17,0.16666666666666666,3.3333333333333335
