Team,MP_x,W_x,D_x,L_x,GF_x,GA_x,GD_x,Pts_x,Pts/MP_x,H_GF per Game_x,H_GA per Game_x,MP_y,W_y,D_y,L_y,GF_y,GA_y,GD_y,Pts_y,Pts/MP_y,A_GF per Game_y,A_GA per Game_y
Hjørring,7.0,5.0,2.0,0.0,17.0,7.0,10.0,17.0,2.43,2.4285714285714284,1.0,6.0,5.0,1.0,0.0,17.0,2.0,15.0,16.0,2.67,2.8333333333333335,0.3333333333333333
Nordsjælland,6.0,5.0,0.0,1.0,13.0,4.0,9.0,15.0,2.5,2.1666666666666665,0.6666666666666666,7.0,5.0,0.0,2.0,12.0,7.0,5.0,15.0,2.14,1.7142857142857142,1.0
Brøndby,7.0,4.0,1.0,2.0,11.0,4.0,7.0,13.0,1.86,1.5714285714285714,0.5714285714285714,6.0,3.0,2.0,1.0,11.0,7.0,4.0,11.0,1.83,1.8333333333333333,1.1666666666666667
Odense Q,6.0,1.0,4.0,1.0,7.0,5.0,2.0,7.0,1.17,1.1666666666666667,0.8333333333333334,7.0,3.0,2.0,2.0,11.0,10.0,1.0,11.0,1.57,1.5714285714285714,1.4285714285714286
HB Køge,6.0,2.0,1.0,3.0,10.0,5.0,5.0,7.0,1.17,1.6666666666666667,0.8333333333333334,7.0,2.0,1.0,4.0,7.0,8.0,-1.0,7.0,1.0,1.0,1.1428571428571428
Aarhus GF,7.0,2.0,0.0,5.0,5.0,12.0,-7.0,6.0,0.86,0.7142857142857143,1.7142857142857142,6.0,2.0,1.0,3.0,4.0,9.0,-5.0,7.0,1.17,0.6666666666666666,1.5
B93 København,7.0,1.0,0.0,6.0,5.0,19.0,-14.0,3.0,0.43,0.7142857142857143,2.7142857142857144,6.0,1.0,2.0,3.0,5.0,12.0,-7.0,5.0,0.83,0.8333333333333334,2.0
KoldingQ,6.0,1.0,2.0,3.0,9.0,13.0,-4.0,5.0,0.83,1.5,2.1666666666666665,7.0,0.0,1.0,6.0,2.0,22.0,-20.0,1.0,0.14,0.2857142857142857,3.142857142857143
