Team,MP_x,W_x,D_x,L_x,GF_x,GA_x,GD_x,Pts_x,Pts/MP_x,H_GF per Game_x,H_GA per Game_x,MP_y,W_y,D_y,L_y,GF_y,GA_y,GD_y,Pts_y,Pts/MP_y,A_GF per Game_y,A_GA per Game_y
Hjørring,7.0,5.0,2.0,0.0,17.0,7.0,10.0,17.0,2.43,2.4285714285714284,1.0,7.0,6.0,1.0,0.0,19.0,3.0,16.0,19.0,2.71,2.7142857142857144,0.42857142857142855
Nordsjælland,7.0,5.0,0.0,2.0,14.0,6.0,8.0,15.0,2.14,2.0,0.8571428571428571,7.0,5.0,0.0,2.0,12.0,7.0,5.0,15.0,2.14,1.7142857142857142,1.0
Brøndby,7.0,4.0,1.0,2.0,11.0,4.0,7.0,13.0,1.86,1.5714285714285714,0.5714285714285714,7.0,4.0,2.0,1.0,13.0,7.0,6.0,14.0,2.0,1.8571428571428572,1.0
Odense Q,7.0,1.0,4.0,2.0,8.0,7.0,1.0,7.0,1.0,1.1428571428571428,1.0,7.0,3.0,2.0,2.0,11.0,10.0,1.0,11.0,1.57,1.5714285714285714,1.4285714285714286
HB Køge,7.0,3.0,1.0,3.0,15.0,5.0,10.0,10.0,1.43,2.142857142857143,0.7142857142857143,7.0,2.0,1.0,4.0,7.0,8.0,-1.0,7.0,1.0,1.0,1.1428571428571428
Aarhus GF,7.0,2.0,0.0,5.0,5.0,12.0,-7.0,6.0,0.86,0.7142857142857143,1.7142857142857142,7.0,3.0,1.0,3.0,6.0,10.0,-4.0,10.0,1.43,0.8571428571428571,1.4285714285714286
B93 København,7.0,1.0,0.0,6.0,5.0,19.0,-14.0,3.0,0.43,0.7142857142857143,2.7142857142857144,7.0,1.0,2.0,4.0,5.0,17.0,-12.0,5.0,0.71,0.7142857142857143,2.4285714285714284
KoldingQ,7.0,1.0,2.0,4.0,9.0,15.0,-6.0,5.0,0.71,1.2857142857142858,2.142857142857143,7.0,0.0,1.0,6.0,2.0,22.0,-20.0,1.0,0.14,0.2857142857142857,3.142857142857143
