Team,MP_x,W_x,D_x,L_x,GF_x,GA_x,GD_x,Pts_x,Pts/MP_x,H_GF per Game_x,H_GA per Game_x,MP_y,W_y,D_y,L_y,GF_y,GA_y,GD_y,Pts_y,Pts/MP_y,A_GF per Game_y,A_GA per Game_y
FC Nordsjælland,3.0,3.0,0.0,0.0,9.0,2.0,7.0,9.0,3.0,3.0,0.6666666666666666,2.0,2.0,0.0,0.0,6.0,2.0,4.0,6.0,3.0,3.0,1.0
Hjørring,3.0,2.0,1.0,0.0,8.0,3.0,5.0,7.0,2.33,2.6666666666666665,1.0,2.0,2.0,0.0,0.0,6.0,0.0,6.0,6.0,3.0,3.0,0.0
Odense Q,1.0,0.0,1.0,0.0,0.0,0.0,0.0,1.0,1.0,0.0,0.0,4.0,2.0,1.0,1.0,5.0,4.0,1.0,7.0,1.75,1.25,1.0
HB Køge,3.0,1.0,0.0,2.0,5.0,4.0,1.0,3.0,1.0,1.6666666666666667,1.3333333333333333,2.0,1.0,0.0,1.0,3.0,1.0,2.0,3.0,1.5,1.5,0.5
Brøndby,3.0,1.0,1.0,1.0,1.0,3.0,-2.0,4.0,1.33,0.3333333333333333,1.0,2.0,0.0,1.0,1.0,2.0,3.0,-1.0,1.0,0.5,1.0,1.5
KoldingQ,2.0,1.0,1.0,0.0,4.0,3.0,1.0,4.0,2.0,2.0,1.5,3.0,0.0,1.0,2.0,1.0,8.0,-7.0,1.0,0.33,0.3333333333333333,2.6666666666666665
Aarhus GF,2.0,0.0,0.0,2.0,0.0,5.0,-5.0,0.0,0.0,0.0,2.5,3.0,1.0,0.0,2.0,3.0,6.0,-3.0,3.0,1.0,1.0,2.0
B93 København,3.0,0.0,0.0,3.0,1.0,8.0,-7.0,0.0,0.0,0.3333333333333333,2.6666666666666665,2.0,0.0,1.0,1.0,2.0,4.0,-2.0,1.0,0.5,1.0,2.0
