Team,MP_x,W_x,D_x,L_x,GF_x,GA_x,GD_x,Pts_x,Pts/MP_x,H_GF per Game_x,H_GA per Game_x,MP_y,W_y,D_y,L_y,GF_y,GA_y,GD_y,Pts_y,Pts/MP_y,A_GF per Game_y,A_GA per Game_y
Hjørring,6.0,4.0,2.0,0.0,15.0,6.0,9.0,14.0,2.33,2.5,1.0,5.0,4.0,1.0,0.0,12.0,0.0,12.0,13.0,2.6,2.4,0.0
Nordsjælland,5.0,4.0,0.0,1.0,11.0,4.0,7.0,12.0,2.4,2.2,0.8,6.0,5.0,0.0,1.0,12.0,4.0,8.0,15.0,2.5,2.0,0.6666666666666666
Brøndby,6.0,3.0,1.0,2.0,8.0,4.0,4.0,10.0,1.67,1.3333333333333333,0.6666666666666666,5.0,2.0,2.0,1.0,10.0,7.0,3.0,8.0,1.6,2.0,1.4
HB Køge,5.0,2.0,1.0,2.0,10.0,4.0,6.0,7.0,1.4,2.0,0.8,6.0,2.0,1.0,3.0,6.0,6.0,0.0,7.0,1.17,1.0,1.0
Odense Q,5.0,1.0,3.0,1.0,7.0,5.0,2.0,6.0,1.2,1.4,1.0,6.0,2.0,2.0,2.0,7.0,9.0,-2.0,8.0,1.33,1.1666666666666667,1.5
Aarhus GF,6.0,1.0,0.0,5.0,3.0,11.0,-8.0,3.0,0.5,0.5,1.8333333333333333,5.0,2.0,0.0,3.0,4.0,9.0,-5.0,6.0,1.2,0.8,1.8
B93 København,6.0,1.0,0.0,5.0,4.0,15.0,-11.0,3.0,0.5,0.6666666666666666,2.5,5.0,1.0,2.0,2.0,5.0,10.0,-5.0,5.0,1.0,1.0,2.0
KoldingQ,5.0,1.0,2.0,2.0,7.0,8.0,-1.0,5.0,1.0,1.4,1.6,6.0,0.0,1.0,5.0,1.0,20.0,-19.0,1.0,0.17,0.16666666666666666,3.3333333333333335
