Team,MP_x,W_x,D_x,L_x,GF_x,GA_x,GD_x,Pts_x,Pts/MP_x,H_GF per Game_x,H_GA per Game_x,MP_y,W_y,D_y,L_y,GF_y,GA_y,GD_y,Pts_y,Pts/MP_y,A_GF per Game_y,A_GA per Game_y
Nordsjælland,5.0,4.0,0.0,1.0,11.0,4.0,7.0,12.0,2.4,2.2,0.8,3.0,3.0,0.0,0.0,8.0,2.0,6.0,9.0,3.0,2.6666666666666665,0.6666666666666666
Hjørring,4.0,3.0,1.0,0.0,11.0,3.0,8.0,10.0,2.5,2.75,0.75,4.0,3.0,1.0,0.0,8.0,0.0,8.0,10.0,2.5,2.0,0.0
Brøndby,5.0,3.0,1.0,1.0,8.0,3.0,5.0,10.0,2.0,1.6,0.6,3.0,1.0,1.0,1.0,5.0,5.0,0.0,4.0,1.33,1.6666666666666667,1.6666666666666667
Odense Q,3.0,1.0,2.0,0.0,6.0,2.0,4.0,5.0,1.67,2.0,0.6666666666666666,5.0,2.0,1.0,2.0,5.0,7.0,-2.0,7.0,1.4,1.0,1.4
HB Køge,4.0,1.0,1.0,2.0,5.0,4.0,1.0,4.0,1.0,1.25,1.0,4.0,2.0,0.0,2.0,5.0,4.0,1.0,6.0,1.5,1.25,1.0
B93 København,4.0,1.0,0.0,3.0,4.0,8.0,-4.0,3.0,0.75,1.0,2.0,4.0,0.0,2.0,2.0,4.0,10.0,-6.0,2.0,0.5,1.0,2.5
KoldingQ,3.0,1.0,1.0,1.0,5.0,5.0,0.0,4.0,1.33,1.6666666666666667,1.6666666666666667,5.0,0.0,1.0,4.0,1.0,15.0,-14.0,1.0,0.2,0.2,3.0
Aarhus GF,4.0,0.0,0.0,4.0,2.0,10.0,-8.0,0.0,0.0,0.5,2.5,4.0,1.0,0.0,3.0,3.0,9.0,-6.0,3.0,0.75,0.75,2.25
